2026 기아 EV3,3995,5375,http://file.carisyou.com/upload/2024/06/04/thumb/FILE_202406041058132380.png
2025 기아 EV3,3995,4895,http://file.carisyou.com/upload/2024/06/04/thumb/FILE_202406041058132380.png
2024 기아 EV3,3995,4850,http://file.carisyou.com/upload/2024/06/04/thumb/FILE_202406041058132380.png
2026 기아 뉴 EV6,4360,7199,http://file.carisyou.com/upload/2024/05/14/thumb/FILE_202405141020494220.png
2024 기아 뉴 EV6,4660,7220,http://file.carisyou.com/upload/2024/05/14/thumb/FILE_202405141020494220.png
2023 기아 EV6,4870,7220,http://file.carisyou.com/upload/2021/03/15/thumb/FILE_202103151123399870.png
2021 기아 EV6,4630,7200,http://file.carisyou.com/upload/2021/03/15/thumb/FILE_202103151123399870.png
2026 기아 EV9,6197,8463,http://file.carisyou.com/upload/2023/03/31/thumb/FILE_202303310904235010.png
2025 기아 EV9,6412,8530,http://file.carisyou.com/upload/2023/03/31/thumb/FILE_202303310904235010.png
2023 기아 EV9,7337,8397,http://file.carisyou.com/upload/2023/03/31/thumb/FILE_202303310904235010.png
2026 제네시스 뉴 G70 슈팅 브레이크,4633,0,http://file.carisyou.com/upload/2022/06/27/thumb/FILE_202206271052427830.png
2026 제네시스 뉴 G70,4438,5886,http://file.carisyou.com/upload/2020/09/11/thumb/FILE_202009110940186740.png
2023 제네시스 뉴 G70,4281,4768,http://file.carisyou.com/upload/2020/09/11/thumb/FILE_202009110940186740.png
2023 제네시스 뉴 G70 슈팅 브레이크,4476,0,http://file.carisyou.com/upload/2022/06/27/thumb/FILE_202206271052427830.png
2022 제네시스 뉴 G70 슈팅 브레이크,4310,0,http://file.carisyou.com/upload/2022/06/27/thumb/FILE_202206271052427830.png
2021 제네시스 뉴 G70,4035,4595,http://file.carisyou.com/upload/2020/09/11/thumb/FILE_202009110940186740.png
2020 제네시스 G70,3848,5375,http://file.carisyou.com/upload/2018/10/17/thumb/FILE_201810171016439850.png
2019 제네시스 G70,3701,5228,http://file.carisyou.com/upload/2018/10/17/thumb/FILE_201810171016439850.png
2017 제네시스 G70,3681,5085,http://file.carisyou.com/upload/2017/09/15/thumb/FILE_201709150116324490.png
2026 제네시스 뉴 G80(RG3),5978,8673,http://file.carisyou.com/upload/2023/12/27/thumb/FILE_202312270112559470.png
2026 제네시스 뉴 GV80 쿠페,8016,10902,http://file.carisyou.com/upload/2023/09/27/thumb/FILE_202309270132284800.png
2026 제네시스 뉴 GV80,6790,9797,http://file.carisyou.com/upload/2023/09/27/thumb/FILE_202309270128370680.png
2025 제네시스 뉴 일렉트리파이드 G80(RG3),8468,0,http://file.carisyou.com/upload/2024/09/05/thumb/FILE_202409050326321790.png
2025 제네시스 뉴 G80(RG3),5899,8573,http://file.carisyou.com/upload/2023/12/27/thumb/FILE_202312270112559470.png
2025 제네시스 뉴 GV80,6840,9717,http://file.carisyou.com/upload/2023/09/27/thumb/FILE_202309270128370680.png
2025 제네시스 뉴 GV80 쿠페,8066,10822,http://file.carisyou.com/upload/2023/09/27/thumb/FILE_202309270132284800.png
2024 제네시스 뉴 G80(RG3),5801,7021,http://file.carisyou.com/upload/2023/12/27/thumb/FILE_202312270112559470.png
2024 제네시스 뉴 GV80,6930,7830,http://file.carisyou.com/upload/2023/09/27/thumb/FILE_202309270128370680.png
2024 제네시스 뉴 GV80 쿠페,8255,9190,http://file.carisyou.com/upload/2023/09/27/thumb/FILE_202309270132284800.png
2025 제네시스 G90(RS4),9617,17377,http://file.carisyou.com/upload/2021/12/14/thumb/FILE_202112140254196890.png
2024 제네시스 G90(RS4),9397,16577,http://file.carisyou.com/upload/2021/12/14/thumb/FILE_202112140254196890.png
2023 제네시스 G90(RS4),9445,16714,http://file.carisyou.com/upload/2021/12/14/thumb/FILE_202112140254196890.png
2022 제네시스 G90(RS4),8957,16557,http://file.carisyou.com/upload/2021/12/14/thumb/FILE_202112140254196890.png
2021 제네시스 G90,7907,15757,http://file.carisyou.com/upload/2020/07/03/thumb/FILE_202007030124173730.png
2019 제네시스 G90,7707,15657,http://file.carisyou.com/upload/2018/11/27/thumb/FILE_201811271119088540.png
2026 제네시스 뉴 GV60 마그마,9657,0,http://file.carisyou.com/upload/2026/01/13/thumb/FILE_202601131119258750.png
2025 제네시스 뉴 GV60,6490,7330,http://file.carisyou.com/upload/2025/03/07/thumb/FILE_202503070120256030.png
2024 제네시스 GV60,6433,7343,http://file.carisyou.com/upload/2022/12/16/thumb/FILE_202212160143594450.png
2023 제네시스 GV60,6493,7403,http://file.carisyou.com/upload/2022/12/16/thumb/FILE_202212160143594450.png
2022 제네시스 GV60,5990,6975,http://file.carisyou.com/upload/2021/10/20/thumb/FILE_202110200938510180.png
2026 제네시스 뉴 GV70,5318,6168,http://file.carisyou.com/upload/2024/05/08/thumb/FILE_202405081041472230.png
2025 제네시스 뉴 일렉트리파이드 GV70,7530,0,http://file.carisyou.com/upload/2025/01/16/thumb/FILE_202501160957313300.png
2025 제네시스 뉴 GV70,5298,6135,http://file.carisyou.com/upload/2024/05/08/thumb/FILE_202405081041472230.png
2024 제네시스 GV70,5040,5989,http://file.carisyou.com/upload/2023/07/26/thumb/FILE_202307260419326320.png
2024 제네시스 일렉트리파이드 GV70,7332,0,http://file.carisyou.com/upload/2023/07/26/thumb/FILE_202307260424098480.png
2022 제네시스 일렉트리파이드 GV70,7332,0,http://file.carisyou.com/upload/2022/02/24/thumb/FILE_202202240217480950.png
2022 제네시스 GV70,4940,5889,http://file.carisyou.com/upload/2020/12/08/thumb/FILE_202012081054411300.png
2021 제네시스 GV70,4791,5741,http://file.carisyou.com/upload/2020/12/08/thumb/FILE_202012081054411300.png
2023 제네시스 GV80,6478,7398,http://file.carisyou.com/upload/2021/09/01/thumb/FILE_202109010938594490.png
2022 제네시스 GV80,6136,7056,http://file.carisyou.com/upload/2021/09/01/thumb/FILE_202109010938594490.png
2020 제네시스 GV80,6067,6967,http://file.carisyou.com/upload/2020/01/15/thumb/FILE_202001151109052420.png
2017 제네시스 GV80,0,0,http://file.carisyou.com/upload/2017/12/19/thumb/FILE_201712190244040260.png
2024 기아 뉴 K3(BD),1825,2784,http://file.carisyou.com/upload/2023/07/19/thumb/FILE_202307190245568210.png
2023 기아 뉴 K3(BD),1765,2745,http://file.carisyou.com/upload/2021/04/15/thumb/FILE_202104151029152950.png
2021 기아 뉴 K3(BD),1738,2582,http://file.carisyou.com/upload/2021/04/15/thumb/FILE_202104151029152950.png
2021 기아 K3(BD),1757,2513,http://file.carisyou.com/upload/2018/01/15/thumb/FILE_201801150445135140.png
2019 기아 K3(BD),1542,2403,http://file.carisyou.com/upload/2018/01/15/thumb/FILE_201801150445135140.png
2018 기아 K3(BD),1582,2179,http://file.carisyou.com/upload/2018/01/15/thumb/FILE_201801150445135140.png
2018 기아 뉴 K3,1395,2200,http://file.carisyou.com/upload/2017/05/18/thumb/FILE_201705180618524310.png
2017 기아 뉴 K3,1395,2420,http://file.carisyou.com/thumb/newcar/color/5330_kia_newk32017_0.png
2017 기아 K3 쿱,1865,2408,http://file.carisyou.com/thumb/newcar/color/5332_kia_k3koup2017_0.png
2016 기아 K3 쿱,1865,2408,http://file.carisyou.com/thumb/newcar/color/5237_kia_k3koup2016_100.png
2026 기아 뉴 K5(DL3),2507,3546,http://file.carisyou.com/upload/2024/01/16/thumb/FILE_202401160245434840.png
2026 기아 뉴 K5 하이브리드(DL3),3241,3868,http://file.carisyou.com/upload/2024/01/16/thumb/FILE_202401160246451980.png
2025 기아 뉴 K5(DL3),2507,3546,http://file.carisyou.com/upload/2024/01/16/thumb/FILE_202401160245434840.png
2025 기아 뉴 K5 하이브리드(DL3),3241,3868,http://file.carisyou.com/upload/2024/01/16/thumb/FILE_202401160246451980.png
2024 기아 뉴 K5 하이브리드(DL3),3183,3811,http://file.carisyou.com/upload/2024/01/16/thumb/FILE_202401160246451980.png
2024 기아 뉴 K5(DL3),2435,3526,http://file.carisyou.com/upload/2024/01/16/thumb/FILE_202401160245434840.png
2023 기아 K5(DL3),2120,3308,http://file.carisyou.com/upload/2021/06/24/thumb/FILE_202106240218494310.png
2023 기아 K5 하이브리드(DL3),2842,3579,http://file.carisyou.com/upload/2021/06/24/thumb/FILE_202106240542274200.png
2022 기아 K5(DL3),2100,3171,http://file.carisyou.com/upload/2021/06/24/thumb/FILE_202106240218494310.png
2022 기아 K5 하이브리드(DL3),2777,3384,http://file.carisyou.com/upload/2021/06/24/thumb/FILE_202106240542274200.png
2021 기아 K7 프리미어(YG),2710,3819,http://file.carisyou.com/upload/2019/06/12/thumb/FILE_201906120923527190.png
2021 기아 K7 프리미어 하이브리드(YG),3639,4032,http://file.carisyou.com/upload/2019/06/12/thumb/FILE_201906120923527190.png
2020 기아 K7 프리미어(YG),2595,3799,http://file.carisyou.com/upload/2019/06/12/thumb/FILE_201906120923527190.png
2020 기아 K7 프리미어 하이브리드(YG),3620,4012,http://file.carisyou.com/upload/2019/06/12/thumb/FILE_201906120923527190.png
2019 기아 뉴 K7(YG),2510,3969,http://file.carisyou.com/upload/2018/12/03/thumb/FILE_201812031135103290.png
2019 기아 뉴 K7 하이브리드(YG),3532,3952,http://file.carisyou.com/upload/2018/12/03/thumb/FILE_201812031135103290.png
2018 기아 뉴 K7(YG),2510,3917,http://file.carisyou.com/upload/2017/12/04/thumb/FILE_201712041012375950.png
2018 기아 뉴 K7 하이브리드(YG),3522,3900,http://file.carisyou.com/upload/2017/12/04/thumb/FILE_201712040339450030.png
2017 기아 뉴 K7 하이브리드(YG),3495,3880,http://file.carisyou.com/thumb/newcar/color/5391_kia_k7hybrid2017_100.png
2017 기아 뉴 K7(YG),2495,3975,http://file.carisyou.com/thumb/newcar/color/5423_kia_newk7(yg)2017_0.png
2026 기아 뉴 K8 하이브리드(GL3),4206,5052,http://file.carisyou.com/upload/2024/08/27/thumb/FILE_202408270408350340.png
2026 기아 뉴 K8(GL3),3529,4829,http://file.carisyou.com/upload/2024/08/27/thumb/FILE_202408270407148260.png
2025 기아 뉴 K8(GL3),3529,4764,http://file.carisyou.com/upload/2024/08/27/thumb/FILE_202408270407148260.png
2025 기아 뉴 K8 하이브리드(GL3),4206,4988,http://file.carisyou.com/upload/2024/08/27/thumb/FILE_202408270408350340.png
2024 기아 K8 하이브리드(GL3),3782,4617,http://file.carisyou.com/upload/2021/02/17/thumb/FILE_202102170940471340.png
2024 기아 K8(GL3),2810,4624,http://file.carisyou.com/upload/2021/02/17/thumb/FILE_202102170940471340.png
2023 기아 K8(GL3),2795,4599,http://file.carisyou.com/upload/2021/02/17/thumb/FILE_202102170940471340.png
2023 기아 K8 하이브리드(GL3),3767,4592,http://file.carisyou.com/upload/2021/02/17/thumb/FILE_202102170940471340.png
2021 기아 K8 하이브리드(GL3),3698,4287,http://file.carisyou.com/upload/2021/02/17/thumb/FILE_202102170940471340.png
2021 기아 K8(GL3),2755,4526,http://file.carisyou.com/upload/2021/02/17/thumb/FILE_202102170940471340.png
2026 기아 뉴 K9(RJ),5949,8582,http://file.carisyou.com/upload/2021/06/15/thumb/FILE_202106150446361840.png
2025 기아 뉴 K9(RJ),5871,8582,http://file.carisyou.com/upload/2021/06/15/thumb/FILE_202106150446361840.png
2024 기아 뉴 K9(RJ),5843,8553,http://file.carisyou.com/upload/2021/06/15/thumb/FILE_202106150446361840.png
2023 기아 뉴 K9(RJ),5815,8535,http://file.carisyou.com/upload/2021/06/15/thumb/FILE_202106150446361840.png
2021 기아 K9(RJ),5478,9232,http://file.carisyou.com/upload/2018/04/03/thumb/FILE_201804030126356050.png
2021 기아 뉴 K9(RJ),5694,8407,http://file.carisyou.com/upload/2021/06/15/thumb/FILE_202106150446361840.png
2020 기아 K9(RJ),5377,9207,http://file.carisyou.com/upload/2018/04/03/thumb/FILE_201804030126356050.png
2018 기아 K9(RJ),5389,9159,http://file.carisyou.com/upload/2018/04/03/thumb/FILE_201804030126356050.png
2018 기아 뉴 K9,5060,8660,http://file.carisyou.com/upload/2017/05/10/thumb/FILE_201705100323493580.png
2015 기아 뉴 K9,4990,8620,http://file.carisyou.com/thumb/newcar/color/4915_kia_newk92015_100.png
2026 현대 그랜저 하이브리드(GN7),4354,5393,http://file.carisyou.com/upload/2022/11/15/thumb/FILE_202211150146388510.png
2026 현대 그랜저(GN7),3712,5084,http://file.carisyou.com/upload/2022/11/15/thumb/FILE_202211150145504180.png
2025 현대 그랜저(GN7),3605,5023,http://file.carisyou.com/upload/2022/11/15/thumb/FILE_202211150145504180.png
2025 현대 그랜저 하이브리드(GN7),4267,5332,http://file.carisyou.com/upload/2022/11/15/thumb/FILE_202211150146388510.png
2023 현대 그랜저(GN7),3580,4885,http://file.carisyou.com/upload/2022/11/15/thumb/FILE_202211150145504180.png
2023 현대 그랜저 하이브리드(GN7),4266,5161,http://file.carisyou.com/upload/2022/11/15/thumb/FILE_202211150146388510.png
2022 현대 뉴 그랜저 하이브리드(IG),3787,4606,http://file.carisyou.com/upload/2019/11/27/thumb/FILE_201911270320073070.png
2022 현대 뉴 그랜저(IG),2731,4486,http://file.carisyou.com/upload/2019/11/27/thumb/FILE_201911271026508860.png
2021 현대 뉴 그랜저(IG),2731,4388,http://file.carisyou.com/upload/2019/11/27/thumb/FILE_201911271026508860.png
2021 현대 뉴 그랜저 하이브리드(IG),3679,4489,http://file.carisyou.com/upload/2019/11/27/thumb/FILE_201911270320073070.png
2026 기아 뉴 레이 EV,2795,3035,http://file.carisyou.com/upload/2023/08/29/thumb/FILE_202308291058138900.png
2026 기아 뉴 레이,1441,2003,http://file.carisyou.com/upload/2022/09/01/thumb/FILE_202209010954489680.png
2026 캐딜락 에스컬레이드(5세대),0,0,http://file.carisyou.com/upload/2025/04/16/thumb/FILE_202504161216271750.png
2026 캐딜락 에스컬레이드 IQ,27757,0,http://file.carisyou.com/upload/2025/10/14/thumb/FILE_202510140121094840.png
2026 쉐보레 뉴 트레일블레이저,2757,3565,http://file.carisyou.com/upload/2025/05/13/thumb/FILE_202505130908159300.png
2025 기아 뉴 레이,1340,1928,http://file.carisyou.com/upload/2022/09/01/thumb/FILE_202209010954489680.png
2025 기아 뉴 레이 EV,2735,2955,http://file.carisyou.com/upload/2023/08/29/thumb/FILE_202308291058138900.png
2025 쉐보레 뉴 트레일블레이저,2757,3309,http://file.carisyou.com/upload/2025/05/13/thumb/FILE_202505130908159300.png
2025 캐딜락 에스컬레이드(5세대),16607,18807,http://file.carisyou.com/upload/2025/04/16/thumb/FILE_202504161216271750.png
2026 벤츠 CLA(2세대),6370,9060,http://file.carisyou.com/upload/2023/12/28/thumb/FILE_202312281000380360.png
2026 벤츠 S클래스(7세대),15260,29760,http://file.carisyou.com/upload/2022/09/23/thumb/FILE_202209230928452320.png
2026 벤츠 AMG GT,16260,0,http://file.carisyou.com/upload/2022/03/31/thumb/FILE_202203310257104250.png
2026 벤츠 SL(7세대),15860,0,http://file.carisyou.com/upload/2023/03/20/thumb/FILE_202303200122191330.png
2026 벤츠 GLE(4세대),11660,16860,http://file.carisyou.com/upload/2023/08/28/thumb/FILE_202308280216070440.png
2026 벤츠 EQE,11000,0,http://file.carisyou.com/upload/2022/09/30/thumb/FILE_202209300950595120.png
2026 벤츠 C클래스(5세대),6430,6750,http://file.carisyou.com/upload/2022/11/21/thumb/FILE_202211210924075450.png
2026 벤츠 A클래스(4세대),4810,8040,http://file.carisyou.com/upload/2023/11/15/thumb/FILE_202311150242357690.png
2026 벤츠 마이바흐 S클래스(7세대),31560,47800,http://file.carisyou.com/upload/2021/10/28/thumb/FILE_202110280232451480.png
2026 벤츠 EQB,7880,8430,http://file.carisyou.com/upload/2025/06/26/thumb/FILE_202506260140237260.png
2026 테슬라 사이버트럭,14500,16000,http://file.carisyou.com/upload/2023/12/04/thumb/FILE_202312040947235130.png
2026 KGM 무쏘 칸(Q261),3232,3969,http://file.carisyou.com/upload/2025/01/20/thumb/FILE_202501200426517090.png
2026 KGM 무쏘(Q300),2990,4680,http://file.carisyou.com/upload/2026/01/05/thumb/FILE_202601050709452890.png
2026 GMC 시에라(5세대),0,0,http://file.carisyou.com/upload/2023/02/08/thumb/FILE_202302081033469850.png
2026 GMC 캐니언(3세대),7685,0,http://file.carisyou.com/upload/2026/01/27/thumb/FILE_202601270556441760.png
2026 KGM 무쏘 스포츠(Q260),3012,3749,http://file.carisyou.com/upload/2025/01/20/thumb/FILE_202501200422473040.png
2026 기아 봉고3 트럭,2008,3583,http://file.carisyou.com/upload/2021/12/28/thumb/FILE_202112281242281790.png
2026 기아 봉고3 EV,4345,6361,http://file.carisyou.com/upload/2021/12/24/thumb/FILE_202112241114245700.png
2026 기아 PV5 오픈베드,4345,4965,http://file.carisyou.com/upload/2026/01/28/thumb/FILE_202601280135174310.png
2026 현대 포터2 일렉트릭,4350,5524,http://file.carisyou.com/upload/2019/12/11/thumb/FILE_201912111011447610.png
2026 기아 셀토스 하이브리드(SP3),2898,3584,http://file.carisyou.com/upload/2026/01/27/thumb/FILE_202601270939598960.png
2026 기아 셀토스(SP3),2477,3415,http://file.carisyou.com/upload/2026/01/27/thumb/FILE_202601270939598960.png
2025 기아 뉴 셀토스,2114,3084,http://file.carisyou.com/upload/2022/08/31/thumb/FILE_202208311042297900.png
2024 기아 뉴 셀토스,2087,2903,http://file.carisyou.com/upload/2022/08/31/thumb/FILE_202208311042297900.png
2023 기아 뉴 셀토스,2062,2865,http://file.carisyou.com/upload/2022/08/31/thumb/FILE_202208311042297900.png
2023 기아 셀토스,1944,2742,http://file.carisyou.com/upload/2021/07/22/thumb/FILE_202107220408122630.png
2022 기아 셀토스,1944,2930,http://file.carisyou.com/upload/2021/07/22/thumb/FILE_202107220408122630.png
2021 기아 셀토스,1934,2915,http://file.carisyou.com/upload/2019/07/29/thumb/FILE_201907290940292990.png
2019 기아 셀토스,1881,2750,http://file.carisyou.com/upload/2019/07/29/thumb/FILE_201907290940292990.png
2020 현대 뉴 그랜드 스타렉스,2209,6609,http://file.carisyou.com/upload/2018/10/04/thumb/FILE_201810040121372110.png
2018 현대 뉴 그랜드 스타렉스,2110,6689,http://file.carisyou.com/upload/2018/10/04/thumb/FILE_201810040121372110.png
2017 현대 뉴 그랜드 스타렉스,2060,6582,http://file.carisyou.com/thumb/newcar/color/5344_hyundai_grandstarex2017_100.png
2016 현대 뉴 그랜드 스타렉스,1940,6582,http://file.carisyou.com/thumb/newcar/color/5101_hyundai_grandstarex2016_100.png
2015 현대 그랜드 스타렉스,1915,6320,http://file.carisyou.com/thumb/newcar/color/4943_hyundai_grandstarex2015_100.png
2013 현대 그랜드 스타렉스,1850,6280,http://file.carisyou.com/thumb/newcar/color/4524_hyundai_grandstarex2013_100.jpg
2012 현대 그랜드 스타렉스,1850,2675,http://file.carisyou.com/thumb/newcar/color/4239_hyundai_grandstarex2012_100.jpg
2011 현대 그랜드 스타렉스,1800,4535,http://file.carisyou.com/thumb/newcar/color/4174_hyundai_grandstarex2012_0.jpg
2010 현대 그랜드 스타렉스,1684,4892,http://file.carisyou.com/thumb/newcar/color/3931_hyundai_grandstarex2010_100.jpg
2009 현대 그랜드 스타렉스,1556,2624,http://file.carisyou.com/thumb/newcar/color/3747_hyundai_grandstarex2009_100.jpg
2026 현대 뉴 스타리아 하이브리드,3625,5021,http://file.carisyou.com/upload/2025/12/17/thumb/FILE_202512170514295620.png
2026 현대 뉴 스타리아,3259,4705,http://file.carisyou.com/upload/2025/12/17/thumb/FILE_202512171119547130.png
2024 현대 스타리아,2637,7292,http://file.carisyou.com/upload/2021/06/10/thumb/FILE_202106100952596670.png
2024 현대 스타리아 하이브리드,3433,7436,http://file.carisyou.com/upload/2024/02/29/thumb/FILE_202402290144481010.png
2023 현대 스타리아,2596,7265,http://file.carisyou.com/upload/2021/06/10/thumb/FILE_202106100952596670.png
2021 현대 스타리아,2516,7053,http://file.carisyou.com/upload/2021/06/10/thumb/FILE_202106100952596670.png
2026 기아 뉴 스포티지 하이브리드(NQ5),3346,4218,http://file.carisyou.com/upload/2024/11/08/thumb/FILE_202411081136590820.png
2026 기아 뉴 스포티지(NQ5),2863,3745,http://file.carisyou.com/upload/2024/11/08/thumb/FILE_202411081136590820.png
2025 기아 뉴 스포티지(NQ5),2793,3694,http://file.carisyou.com/upload/2024/11/08/thumb/FILE_202411081136590820.png
2025 기아 뉴 스포티지 하이브리드(NQ5),3305,4168,http://file.carisyou.com/upload/2024/11/08/thumb/FILE_202411081136590820.png
2024 기아 스포티지 하이브리드(NQ5),3213,4054,http://file.carisyou.com/upload/2021/07/28/thumb/FILE_202107280515054230.png
2024 기아 스포티지(NQ5),2537,3892,http://file.carisyou.com/upload/2021/07/28/thumb/FILE_202107280514485110.png
2023 기아 스포티지(NQ5),2492,3838,http://file.carisyou.com/upload/2021/07/28/thumb/FILE_202107280514485110.png
2023 기아 스포티지 하이브리드(NQ5),3188,3999,http://file.carisyou.com/upload/2021/07/28/thumb/FILE_202107280515054230.png
2021 기아 스포티지 하이브리드(NQ5),3109,3916,http://file.carisyou.com/upload/2021/07/28/thumb/FILE_202107280515054230.png
2021 기아 스포티지(NQ5),2442,3791,http://file.carisyou.com/upload/2021/07/28/thumb/FILE_202107280514485110.png
2026 현대 싼타페(MX5),3606,4707,http://file.carisyou.com/upload/2023/08/14/thumb/FILE_202308141019435910.png
2026 현대 싼타페 하이브리드(MX5),3964,5127,http://file.carisyou.com/upload/2023/08/14/thumb/FILE_202308141019512170.png
2025 현대 싼타페(MX5),3492,4598,http://file.carisyou.com/upload/2023/08/14/thumb/FILE_202308141019435910.png
2025 현대 싼타페 하이브리드(MX5),3870,5028,http://file.carisyou.com/upload/2023/08/14/thumb/FILE_202308141019512170.png
2024 현대 싼타페 하이브리드(MX5),3888,5036,http://file.carisyou.com/upload/2023/08/14/thumb/FILE_202308141019512170.png
2024 현대 싼타페(MX5),3546,4596,http://file.carisyou.com/upload/2023/08/14/thumb/FILE_202308141019435910.png
2023 현대 뉴 싼타페 하이브리드(TM),3567,4688,http://file.carisyou.com/upload/2021/05/14/thumb/FILE_202105140203348660.png
2023 현대 뉴 싼타페(TM),3277,4472,http://file.carisyou.com/upload/2021/05/14/thumb/FILE_202105140203348660.png
2022 현대 뉴 싼타페(TM),3156,4321,http://file.carisyou.com/upload/2021/05/14/thumb/FILE_202105140203348660.png
2022 현대 뉴 싼타페 하이브리드(TM),3414,4497,http://file.carisyou.com/upload/2021/05/14/thumb/FILE_202105140203348660.png
2026 현대 뉴 쏘나타 하이브리드(DN8),3270,3979,http://file.carisyou.com/upload/2023/04/24/thumb/FILE_202304241052430090.png
2026 현대 뉴 쏘나타(DN8),2560,3874,http://file.carisyou.com/upload/2023/04/24/thumb/FILE_202304241050166250.png
2025 현대 뉴 쏘나타(DN8),2555,3869,http://file.carisyou.com/upload/2023/04/24/thumb/FILE_202304241050166250.png
2025 현대 뉴 쏘나타 하이브리드(DN8),3232,3912,http://file.carisyou.com/upload/2023/04/24/thumb/FILE_202304241052430090.png
2024 현대 뉴 쏘나타(DN8),2480,0,http://file.carisyou.com/upload/2023/04/24/thumb/FILE_202304241050166250.png
2023 현대 뉴 쏘나타(DN8),2546,3917,http://file.carisyou.com/upload/2023/04/24/thumb/FILE_202304241050166250.png
2023 현대 쏘나타(DN8),2249,3633,http://file.carisyou.com/upload/2021/04/22/thumb/FILE_202104220921091930.png
2023 현대 쏘나타 뉴 라이즈(LF),2043,2600,http://file.carisyou.com/upload/2018/09/19/thumb/FILE_201809191042113220.png
2023 현대 쏘나타 하이브리드(DN8),2946,3706,http://file.carisyou.com/upload/2019/12/12/thumb/FILE_201912120240267530.png
2023 현대 뉴 쏘나타 하이브리드(DN8),3187,3921,http://file.carisyou.com/upload/2023/04/24/thumb/FILE_202304241052430090.png
2026 기아 뉴 쏘렌토(MQ4),3580,4665,http://file.carisyou.com/upload/2023/09/07/thumb/FILE_202309070441362840.png
2026 기아 뉴 쏘렌토 하이브리드(MQ4),3896,4888,http://file.carisyou.com/upload/2023/09/07/thumb/FILE_202309070442274130.png
2025 기아 뉴 쏘렌토(MQ4),3550,4631,http://file.carisyou.com/upload/2023/09/07/thumb/FILE_202309070441362840.png
2025 기아 뉴 쏘렌토 하이브리드(MQ4),3867,4854,http://file.carisyou.com/upload/2023/09/07/thumb/FILE_202309070442274130.png
2024 기아 뉴 쏘렌토(MQ4),3506,4598,http://file.carisyou.com/upload/2023/09/07/thumb/FILE_202309070441362840.png
2024 기아 뉴 쏘렌토 하이브리드(MQ4),3786,4831,http://file.carisyou.com/upload/2023/09/07/thumb/FILE_202309070442274130.png
2023 기아 쏘렌토 하이브리드(MQ4),3630,4668,http://file.carisyou.com/upload/2021/07/01/thumb/FILE_202107010945037770.png
2023 기아 쏘렌토(MQ4),3024,4418,http://file.carisyou.com/upload/2021/07/01/thumb/FILE_202107010945037770.png
2022 기아 쏘렌토(MQ4),2958,4349,http://file.carisyou.com/upload/2021/07/01/thumb/FILE_202107010945037770.png
2022 기아 쏘렌토 하이브리드(MQ4),3515,4546,http://file.carisyou.com/upload/2021/07/01/thumb/FILE_202107010945037770.png
2026 현대 뉴 아반떼 하이브리드(CN7),2523,3184,http://file.carisyou.com/upload/2023/03/13/thumb/FILE_202303131057436250.png
2026 현대 뉴 아반떼 N,3309,3517,http://file.carisyou.com/upload/2023/07/26/thumb/FILE_202307260936452240.png
2026 현대 뉴 아반떼(CN7),2034,2842,http://file.carisyou.com/upload/2023/03/13/thumb/FILE_202303130931074190.png
2025 현대 뉴 아반떼 N,3309,3517,http://file.carisyou.com/upload/2023/07/26/thumb/FILE_202307260936452240.png
2025 현대 뉴 아반떼(CN7),1964,2783,http://file.carisyou.com/upload/2023/03/13/thumb/FILE_202303130931074190.png
2025 현대 뉴 아반떼 하이브리드(CN7),2485,3154,http://file.carisyou.com/upload/2023/03/13/thumb/FILE_202303131057436250.png
2023 현대 뉴 아반떼 N,3352,3560,http://file.carisyou.com/upload/2023/07/26/thumb/FILE_202307260936452240.png
2023 현대 뉴 아반떼 하이브리드(CN7),2466,3153,http://file.carisyou.com/upload/2023/03/13/thumb/FILE_202303131057436250.png
2023 현대 뉴 아반떼(CN7),1975,2818,http://file.carisyou.com/upload/2023/03/13/thumb/FILE_202303130931074190.png
2022 현대 아반떼(CN7),1866,2806,http://file.carisyou.com/upload/2020/04/08/thumb/FILE_202004080449504290.png
2026 현대 아이오닉 5 N,7769,8029,http://file.carisyou.com/upload/2023/09/05/thumb/FILE_202309050930266730.png
2026 현대 뉴 아이오닉 6,4856,6379,http://file.carisyou.com/upload/2025/07/28/thumb/FILE_202507280329221710.png
2026 현대 뉴 아이오닉 6 N,7990,0,http://file.carisyou.com/upload/2025/10/01/thumb/FILE_202510011220553240.png
2025 현대 아이오닉 9,6715,8311,http://file.carisyou.com/upload/2025/02/03/thumb/FILE_202502030350356610.png
2025 현대 아이오닉 5 N,7700,0,http://file.carisyou.com/upload/2023/09/05/thumb/FILE_202309050930266730.png
2025 현대 뉴 아이오닉 5,4740,6272,http://file.carisyou.com/upload/2024/03/04/thumb/FILE_202403040148482550.png
2024 현대 아이오닉 5 N,7600,0,http://file.carisyou.com/upload/2023/09/05/thumb/FILE_202309050930266730.png
2024 현대 아이오닉 6,4695,6182,http://file.carisyou.com/upload/2022/07/15/thumb/FILE_202207150127597720.png
2024 현대 뉴 아이오닉 5,4700,6242,http://file.carisyou.com/upload/2024/03/04/thumb/FILE_202403040148482550.png
2023 현대 아이오닉 6,5200,6382,http://file.carisyou.com/upload/2022/07/15/thumb/FILE_202207150127597720.png
2026 기아 뉴 카니발(KA4),3636,9330,http://file.carisyou.com/upload/2024/02/05/thumb/FILE_202402050415071560.png
2026 기아 뉴 카니발 하이브리드(KA4),4091,9780,http://file.carisyou.com/upload/2024/02/05/thumb/FILE_202402050415167530.png
2025 기아 뉴 카니발 하이브리드(KA4),4006,9689,http://file.carisyou.com/upload/2024/02/05/thumb/FILE_202402050415167530.png
2025 기아 뉴 카니발(KA4),3551,9239,http://file.carisyou.com/upload/2024/02/05/thumb/FILE_202402050415071560.png
2024 기아 뉴 카니발(KA4),3470,9200,http://file.carisyou.com/upload/2024/02/05/thumb/FILE_202402050415071560.png
2024 기아 뉴 카니발 하이브리드(KA4),3925,9650,http://file.carisyou.com/upload/2024/02/05/thumb/FILE_202402050415167530.png
2022 기아 카니발(KA4),3180,8729,http://file.carisyou.com/upload/2021/07/15/thumb/FILE_202107150203447370.png
2021 기아 카니발(KA4),3160,6391,http://file.carisyou.com/upload/2020/06/25/thumb/FILE_202006251018111350.png
2020 기아 뉴 카니발(YP),2880,6007,http://file.carisyou.com/upload/2018/03/13/thumb/FILE_201803131020044290.png
2020 노블클라쎄 뉴 카니발(YP),9000,11230,http://file.carisyou.com/upload/2017/09/07/thumb/FILE_201709070611248020.png
2026 현대 캐스퍼 일렉트릭,2787,3337,http://file.carisyou.com/upload/2024/07/09/thumb/FILE_202407090104299560.png
2026 현대 뉴 캐스퍼,1460,2107,http://file.carisyou.com/upload/2024/10/17/thumb/FILE_202410170250447890.png
2025 현대 뉴 캐스퍼,1450,2070,http://file.carisyou.com/upload/2024/10/17/thumb/FILE_202410170250447890.png
2025 현대 캐스퍼 일렉트릭,2740,3190,http://file.carisyou.com/upload/2024/07/09/thumb/FILE_202407090104299560.png
2023 현대 캐스퍼,1375,1960,http://file.carisyou.com/upload/2021/09/15/thumb/FILE_202109150147170690.png
2022 현대 캐스퍼,1375,1960,http://file.carisyou.com/upload/2021/09/15/thumb/FILE_202109150147170690.png
2026 현대 뉴 투싼 하이브리드(NX4),3270,4148,http://file.carisyou.com/upload/2023/12/06/thumb/FILE_202312060230172670.png
2026 현대 뉴 투싼(NX4),2805,3689,http://file.carisyou.com/upload/2023/12/06/thumb/FILE_202312060215369920.png
2025 현대 뉴 투싼 하이브리드(NX4),3205,4142,http://file.carisyou.com/upload/2023/12/06/thumb/FILE_202312060230172670.png
2025 현대 뉴 투싼(NX4),2729,3925,http://file.carisyou.com/upload/2023/12/06/thumb/FILE_202312060215369920.png
2024 현대 뉴 투싼(NX4),2771,4004,http://file.carisyou.com/upload/2023/12/06/thumb/FILE_202312060215369920.png
2024 현대 뉴 투싼 하이브리드(NX4),3213,4161,http://file.carisyou.com/upload/2023/12/06/thumb/FILE_202312060230172670.png
2023 현대 투싼(NX4),2603,3822,http://file.carisyou.com/upload/2020/09/16/thumb/FILE_202009160449139050.png
2023 현대 투싼 하이브리드(NX4),3027,4000,http://file.carisyou.com/upload/2020/09/16/thumb/FILE_202009160449139050.png
2021 현대 투싼(NX4),2435,3696,http://file.carisyou.com/upload/2020/09/16/thumb/FILE_202009160449139050.png
2021 현대 투싼 하이브리드(NX4),2857,3612,http://file.carisyou.com/upload/2020/09/16/thumb/FILE_202009160449139050.png
2025 현대 팰리세이드(LX3),4383,5946,http://file.carisyou.com/upload/2024/12/20/thumb/FILE_202412200947075910.png
2025 현대 팰리세이드 하이브리드(LX3),4968,6566,http://file.carisyou.com/upload/2024/12/20/thumb/FILE_202412200435289480.png
2024 현대 뉴 팰리세이드,3837,5413,http://file.carisyou.com/upload/2022/05/26/thumb/FILE_202205260240400980.png
2022 현대 뉴 팰리세이드,3867,6028,http://file.carisyou.com/upload/2022/05/26/thumb/FILE_202205260240400980.png
2021 현대 팰리세이드,3606,5568,http://file.carisyou.com/upload/2021/07/28/thumb/FILE_202107280345306230.png
2020 현대 팰리세이드,3573,5568,http://file.carisyou.com/upload/2018/11/30/thumb/FILE_201811301136252880.png
2019 현대 팰리세이드,3397,4347,http://file.carisyou.com/upload/2018/11/30/thumb/FILE_201811301136252880.png
2026 현대 포터2,2058,4210,http://file.carisyou.com/upload/2018/09/19/thumb/FILE_201809191103077550.png
2025 현대 포터2 일렉트릭,4325,5499,http://file.carisyou.com/upload/2019/12/11/thumb/FILE_201912111011447610.png
2024 현대 포터2,2028,4185,http://file.carisyou.com/upload/2018/09/19/thumb/FILE_201809191103077550.png
2024 현대 포터2 일렉트릭,4395,5006,http://file.carisyou.com/upload/2019/12/11/thumb/FILE_201912111011447610.png
2023 현대 포터2,1719,4013,http://file.carisyou.com/upload/2018/09/19/thumb/FILE_201809191103077550.png
2023 현대 포터2 일렉트릭,4375,4986,http://file.carisyou.com/upload/2019/12/11/thumb/FILE_201912111011447610.png
2022 현대 포터2 일렉트릭,4190,4759,http://file.carisyou.com/upload/2019/12/11/thumb/FILE_201912111011447610.png
2022 현대 포터2 포레스트,4899,8725,http://file.carisyou.com/upload/2022/11/22/thumb/FILE_202211221004577550.png
2022 현대 포터2,1659,3817,http://file.carisyou.com/upload/2018/09/19/thumb/FILE_201809191103077550.png
